active,role,signUpSource,state,_id_$oid,createdDate_$date,lastLogin_$date,lastLogin
True,consumer,Email,WI,5ff1e194b6a9d73a3a9f1052,1609687444800,1609687537858.0,
True,consumer,Email,WI,5ff1e194b6a9d73a3a9f1052,1609687444800,1609687537858.0,
True,consumer,Email,WI,5ff1e194b6a9d73a3a9f1052,1609687444800,1609687537858.0,
True,consumer,Email,WI,5ff1e1eacfcf6c399c274ae6,1609687530554,1609687530597.0,
True,consumer,Email,WI,5ff1e194b6a9d73a3a9f1052,1609687444800,1609687537858.0,
True,consumer,Email,WI,5ff1e194b6a9d73a3a9f1052,1609687444800,1609687537858.0,
True,consumer,Email,WI,5ff1e1e8cfcf6c399c274ad9,1609687528354,1609687528392.0,
True,consumer,Email,WI,5ff1e1b7cfcf6c399c274a5a,1609687479626,1609687479665.0,
True,consumer,Email,WI,5ff1e194b6a9d73a3a9f1052,1609687444800,1609687537858.0,
True,consumer,Email,WI,5ff1e1f1cfcf6c399c274b0b,1609687537564,1609687537599.0,
True,consumer,Email,WI,5ff1e194b6a9d73a3a9f1052,1609687444800,1609687537858.0,
True,consumer,Email,WI,5ff1e1eacfcf6c399c274ae6,1609687530554,1609687530597.0,
True,consumer,Email,WI,5ff1e194b6a9d73a3a9f1052,1609687444800,1609687537858.0,
True,consumer,Email,WI,5ff1e1eacfcf6c399c274ae6,1609687530554,1609687530597.0,
True,consumer,Email,WI,5ff1e194b6a9d73a3a9f1052,1609687444800,1609687537858.0,
True,consumer,Email,WI,5ff1e194b6a9d73a3a9f1052,1609687444800,1609687537858.0,
True,consumer,Email,WI,5ff1e1e4cfcf6c399c274ac3,1609687524656,1609687524694.0,
True,consumer,Email,WI,5ff1e1b4cfcf6c399c274a54,1609687476410,1609687476452.0,
True,consumer,Email,WI,5ff1e1eacfcf6c399c274ae6,1609687530554,1609687530597.0,
True,consumer,Email,WI,5ff1e194b6a9d73a3a9f1052,1609687444800,1609687537858.0,
True,consumer,Email,WI,5ff370c562fde912123a5e0e,1609789637776,1609789850563.0,
True,consumer,Email,WI,5ff36d0362fde912123a5535,1609788675973,1609788882944.0,
True,consumer,Email,WI,5ff36d83135e7011bcb864d6,1609788803244,1609788803425.0,
True,consumer,Email,WI,5ff36c8862fde912123a538a,1609788552943,1609788553141.0,
True,consumer,Email,WI,5ff370c562fde912123a5e0e,1609789637776,1609789850563.0,
True,consumer,Email,WI,5ff36be7135e7011bcb856d3,1609788391239,1609788592726.0,
True,consumer,Email,WI,5ff36d0362fde912123a5535,1609788675973,1609788882944.0,
True,consumer,Email,WI,5ff36be7135e7011bcb856d3,1609788391239,1609788592726.0,
True,consumer,Email,WI,5ff36a3862fde912123a4460,1609787960352,1609788185340.0,
True,consumer,Email,WI,5ff36d0362fde912123a5535,1609788675973,1609788882944.0,
True,consumer,Email,WI,5ff36c8e135e7011bcb85da4,1609788558994,1609788559173.0,
True,consumer,Email,WI,5ff36a3862fde912123a4460,1609787960352,1609788185340.0,
True,consumer,Email,WI,5ff370c562fde912123a5e0e,1609789637776,1609789850563.0,
True,consumer,Email,WI,5ff36a3862fde912123a4460,1609787960352,1609788185340.0,
True,consumer,Email,WI,5ff36a3862fde912123a4460,1609787960352,1609788185340.0,
True,consumer,Email,WI,5ff370c562fde912123a5e0e,1609789637776,1609789850563.0,
True,consumer,Email,WI,5ff36a3862fde912123a4460,1609787960352,1609788185340.0,
True,consumer,Email,WI,5ff370c562fde912123a5e0e,1609789637776,1609789850563.0,
True,consumer,Email,WI,5ff3711e62fde912123a620e,1609789726807,1609789726997.0,
True,consumer,Email,WI,5ff36be7135e7011bcb856d3,1609788391239,1609788592726.0,
True,consumer,Email,WI,5ff4ce33c3d63511e2a484b6,1609879091229,1609879195131.0,
True,consumer,Email,WI,5ff473e7c1e2d0121a9b2697,1609855975669,1609855975877.0,
True,consumer,Email,WI,5ff47392c3d63511e2a47881,1609855890233,1609856133550.0,
True,consumer,Email,WI,5ff47392c3d63511e2a47881,1609855890233,1609856133550.0,
True,consumer,Email,WI,5ff4ce33c3d63511e2a484b6,1609879091229,1609879195131.0,
True,consumer,Email,WI,5ff4ce91c1e2d0121a9b3057,1609879185282,1609879185329.0,
True,consumer,Email,WI,5ff47392c3d63511e2a47881,1609855890233,1609856133550.0,
True,consumer,Email,WI,5ff4ce3dc3d63511e2a484dc,1609879101887,1609879101938.0,
True,consumer,Email,WI,5ff4ce33c3d63511e2a484b6,1609879091229,1609879195131.0,
True,consumer,Email,WI,5ff4ce3dc3d63511e2a484dc,1609879101887,1609879101938.0,
True,consumer,Email,WI,5ff4ce33c3d63511e2a484b6,1609879091229,1609879195131.0,
True,consumer,Email,WI,5ff47392c3d63511e2a47881,1609855890233,1609856133550.0,
True,consumer,Email,WI,5ff4ce3dc3d63511e2a484dc,1609879101887,1609879101938.0,
True,consumer,Email,WI,5ff4ce3dc3d63511e2a484dc,1609879101887,1609879101938.0,
True,consumer,Email,WI,5ff4ce33c3d63511e2a484b6,1609879091229,1609879195131.0,
True,consumer,Email,WI,5ff4ce34c3d63511e2a484ba,1609879092503,1609879092565.0,
True,consumer,Email,WI,5ff4ce33c3d63511e2a484b6,1609879091229,1609879195131.0,
True,consumer,Email,WI,5ff4ce33c3d63511e2a484b6,1609879091229,1609879195131.0,
True,consumer,Email,WI,5ff4ce3ac1e2d0121a9b2fb3,1609879098446,1609879098495.0,
True,consumer,Email,WI,5ff47392c3d63511e2a47881,1609855890233,1609856133550.0,
True,consumer,Email,WI,5ff5d15aeb7c7d12096d91a2,1609945434680,1609945690009.0,
True,consumer,Email,WI,5ff5d15aeb7c7d12096d91a2,1609945434680,1609945690009.0,
True,consumer,Email,WI,5ff5d15aeb7c7d12096d91a2,1609945434680,1609945690009.0,
True,consumer,Email,WI,5ff5d15aeb7c7d12096d91a2,1609945434680,1609945690009.0,
True,consumer,Email,WI,5ff5d15aeb7c7d12096d91a2,1609945434680,1609945690009.0,
True,consumer,Email,WI,5ff5d15aeb7c7d12096d91a2,1609945434680,1609945690009.0,
True,consumer,Email,WI,5ff5d1a38f142f11dd1886ba,1609945507667,1609945507878.0,
True,consumer,Email,WI,5ff5d15aeb7c7d12096d91a2,1609945434680,1609945690009.0,
True,consumer,Email,WI,5ff5d15aeb7c7d12096d91a2,1609945434680,1609945690009.0,
True,consumer,Email,WI,5ff5d15aeb7c7d12096d91a2,1609945434680,1609945690009.0,
True,consumer,Email,WI,5ff5d15aeb7c7d12096d91a2,1609945434680,1609945690009.0,
True,consumer,Email,WI,5ff5d15aeb7c7d12096d91a2,1609945434680,1609945690009.0,
True,consumer,Email,WI,5ff5d15aeb7c7d12096d91a2,1609945434680,1609945690009.0,
True,consumer,Email,WI,5ff5d15aeb7c7d12096d91a2,1609945434680,1609945690009.0,
True,consumer,Email,WI,5ff5d15aeb7c7d12096d91a2,1609945434680,1609945690009.0,
True,consumer,Email,WI,5ff5d15aeb7c7d12096d91a2,1609945434680,1609945690009.0,
True,consumer,Email,WI,5ff5d1d08f142f11dd18884c,1609945552484,1609945552717.0,
True,consumer,Email,WI,5ff5d15aeb7c7d12096d91a2,1609945434680,1609945690009.0,
True,consumer,Email,WI,5ff5d15aeb7c7d12096d91a2,1609945434680,1609945690009.0,
True,consumer,Email,WI,5ff5d15aeb7c7d12096d91a2,1609945434680,1609945690009.0,
True,consumer,Email,WI,5ff7264e8f142f11dd189504,1610032718596,1610032826821.0,
True,consumer,Email,WI,5ff7401ceb7c7d31ca8a46e0,1610039324072,1610039324352.0,
True,consumer,Email,WI,5ff73bea8f142f3276c3e84a,1610038250206,1610038250255.0,
True,consumer,Email,WI,5ff74f3db3348b11c93361d1,1610043197921,1610043423217.0,
True,consumer,Email,WI,5ff7264e8f142f11dd189504,1610032718596,1610032826821.0,
True,consumer,Email,WI,5ff73b90eb7c7d31ca8a452b,1610038160959,1610038267267.0,
True,consumer,Email,WI,5ff7930fb3348b11c93372a6,1610060559759,1610060994656.0,
True,consumer,Email,WI,5ff7268eeb7c7d12096da2a9,1610032782584,1610032782630.0,
True,consumer,Email,WI,5ff7268eeb7c7d12096da2a9,1610032782584,1610032782630.0,
True,consumer,Email,WI,5ff7264e8f142f11dd189504,1610032718596,1610032826821.0,
True,consumer,Email,WI,5ff7930fb3348b11c93372a6,1610060559759,1610060994656.0,
True,consumer,Email,WI,5ff726a0eb7c7d12096da2db,1610032800299,1610032800353.0,
True,consumer,Email,WI,5ff793dd04929111f6e90c69,1610060765503,1610060765681.0,
True,consumer,Email,WI,5ff7949eb3348b11c93373d2,1610060958699,1610060958840.0,
True,consumer,Email,WI,5ff7268c8f142f11dd189579,1610032780196,1610032780243.0,
True,consumer,Email,WI,5ff73b90eb7c7d31ca8a452b,1610038160959,1610038267267.0,
True,consumer,Email,WI,5ff7264e8f142f11dd189504,1610032718596,1610032826821.0,
True,consumer,Email,KY,5ff616a68f142f11dd189163,1609963174996,,
True,consumer,Email,WI,5ff7930fb3348b11c93372a6,1610060559759,1610060994656.0,
True,consumer,Email,WI,5ff79464b3348b11c933738b,1610060900153,1610060900301.0,
True,consumer,Email,WI,5ff8c241b3348b11c93379fc,1610138177626,1610138177831.0,
True,consumer,Email,WI,5ff8ce8504929111f6e913cb,1610141317743,1610141399411.0,
True,consumer,Email,WI,5ff8ce8504929111f6e913cb,1610141317743,1610141399411.0,
True,consumer,Email,WI,5ff873d1b3348b11c9337716,1610118097348,1610118201259.0,
True,consumer,Email,WI,5ff873ef04929111f6e910f0,1610118127604,1610118127655.0,
True,consumer,Email,WI,5ff8c4e8b3348b11c9337a11,1610138856724,1610138857088.0,
True,consumer,Email,WI,5ff873d1b3348b11c9337716,1610118097348,1610118201259.0,
True,consumer,Email,WI,5ff8da28b3348b11c9337ac6,1610144296844,1610144389939.0,
True,consumer,Email,WI,5ff8da7db3348b11c9337b6a,1610144381689,1610144381738.0,
True,consumer,Email,WI,5ff873ddb3348b11c9337733,1610118109160,1610118109202.0,
True,consumer,Email,WI,5ff8a11db3348b11c93378aa,1610129693734,1610129693928.0,
True,consumer,Email,WI,5ff873d1b3348b11c9337716,1610118097348,1610118201259.0,
True,consumer,Email,WI,5ff873d1b3348b11c9337716,1610118097348,1610118201259.0,
True,consumer,Email,WI,5ff873d1b3348b11c9337716,1610118097348,1610118201259.0,
True,consumer,Email,WI,5ff8ce8504929111f6e913cb,1610141317743,1610141399411.0,
True,consumer,Email,WI,5ff8d634b3348b11c9337aa4,1610143284238,1610143284518.0,
True,consumer,Email,WI,5ff8da28b3348b11c9337ac6,1610144296844,1610144389939.0,
True,consumer,Email,WI,5ff8c330b3348b11c9337a04,1610138416722,1610138416933.0,
True,consumer,Email,WI,5ff873ddb3348b11c9337733,1610118109160,1610118109202.0,
True,consumer,Email,WI,5ff8da7eb3348b11c9337b72,1610144382704,1610144382749.0,
True,consumer,Email,WI,5ffcb47d04929111f6e9256c,1610396797225,1610396901430.0,
True,consumer,Email,WI,5ffc8ff9b3348b11c9338896,1610387449527,1610387449567.0,
True,consumer,Email,WI,5ffc8f9704929111f6e922bf,1610387351890,1610387456750.0,
True,consumer,Email,WI,5ffc9001b3348b11c93388b6,1610387457375,1610387457415.0,
True,consumer,Email,WI,5ffc8ff9b3348b11c9338896,1610387449527,1610387449567.0,
True,consumer,Email,WI,5ffc8f9704929111f6e922bf,1610387351890,1610387456750.0,
True,consumer,Email,WI,5ffc8f9704929111f6e922bf,1610387351890,1610387456750.0,
True,consumer,Email,WI,5ffc8ff9b3348b11c9338896,1610387449527,1610387449567.0,
True,consumer,Email,WI,5ffc8ff9b3348b11c9338896,1610387449527,1610387449567.0,
True,consumer,Email,WI,5ffcb4bc04929111f6e92608,1610396860225,1610396860265.0,
True,consumer,Email,WI,5ffc9d87b3348b11c9338920,1610390919076,1610391013461.0,
True,consumer,Email,WI,5ffc8f9704929111f6e922bf,1610387351890,1610387456750.0,
True,consumer,Email,WI,5ffc9d87b3348b11c9338920,1610390919076,1610391013461.0,
True,consumer,Email,WI,5ffcb47d04929111f6e9256c,1610396797225,1610396901430.0,
True,consumer,Email,WI,5ffc9d87b3348b11c9338920,1610390919076,1610391013461.0,
True,consumer,Email,WI,5ffc8f9704929111f6e922bf,1610387351890,1610387456750.0,
True,consumer,Email,WI,5ffcb4bc04929111f6e92608,1610396860225,1610396860265.0,
True,consumer,Email,WI,5ffc8f9704929111f6e922bf,1610387351890,1610387456750.0,
True,consumer,Email,WI,5ffc9d9f04929111f6e92456,1610390943920,1610390943965.0,
True,consumer,Email,WI,5ffca30604929111f6e92525,1610392326515,1610392326791.0,
True,consumer,Email,WI,5fff0f9804929101d0ab0697,1610551192446,1610551192678.0,
True,consumer,Email,WI,5fff0f4fb3348b03eb45abb0,1610551119070,1610551322153.0,
True,consumer,Email,WI,5fff4beedf9ace121f0c17ea,1610566638415,1610566872676.0,
True,consumer,Email,AL,5ffe115404929101d0aaebb2,1610486100208,,
True,consumer,Email,WI,5fff55dabd4dff11dda8f5f1,1610569178721,1610569406975.0,
True,consumer,Email,WI,5fff0f4fb3348b03eb45abb0,1610551119070,1610551322153.0,
True,consumer,Email,WI,5fff55dabd4dff11dda8f5f1,1610569178721,1610569406975.0,
True,consumer,Email,WI,5fff4beedf9ace121f0c17ea,1610566638415,1610566872676.0,
True,consumer,Email,AL,5ffe115404929101d0aaebb2,1610486100208,,
True,consumer,Email,WI,5fff26bab3348b03eb45bb22,1610557114027,1610557114075.0,
True,consumer,Email,WI,5fff55dabd4dff11dda8f5f1,1610569178721,1610569406975.0,
True,consumer,Email,WI,5fff0f4fb3348b03eb45abb0,1610551119070,1610551322153.0,
True,consumer,Email,WI,5fff55dabd4dff11dda8f5f1,1610569178721,1610569406975.0,
True,consumer,Email,WI,5fff55dabd4dff11dda8f5f1,1610569178721,1610569406975.0,
True,consumer,Email,WI,5fff4c7461ffa811fdb0854c,1610566772913,1610566773163.0,
True,consumer,Email,WI,5fff26bfb3348b03eb45bb32,1610557119411,1610557119463.0,
True,consumer,Email,WI,5fff55dabd4dff11dda8f5f1,1610569178721,1610569406975.0,
True,consumer,Email,WI,5fff0f4fb3348b03eb45abb0,1610551119070,1610551322153.0,
True,consumer,Email,WI,5fff26f2b3348b03eb45bbb9,1610557170518,1610557170567.0,
True,consumer,Email,WI,5fff55dabd4dff11dda8f5f1,1610569178721,1610569406975.0,
True,consumer,Email,WI,6000d4bae2571211db395b9f,1610667194861,1610667194903.0,
True,consumer,Email,WI,600056a3f7e5b011fce897b0,1610634915207,1610635030767.0,
True,consumer,Email,WI,600056a3f7e5b011fce897b0,1610634915207,1610635030767.0,
True,consumer,Email,WI,600056a3f7e5b011fce897b0,1610634915207,1610635030767.0,
True,consumer,Email,WI,6000d46cfb296c121a81b20c,1610667116665,1610667232701.0,
True,consumer,Email,WI,6000b7aefb296c121a8198b1,1610659758188,1610660002666.0,
True,consumer,Email,WI,60005709bd4dff11dda90ac1,1610635017988,1610635018051.0,
True,consumer,Email,WI,6000b7aefb296c121a8198b1,1610659758188,1610660002666.0,
True,consumer,Email,WI,600056a3f7e5b011fce897b0,1610634915207,1610635030767.0,
True,consumer,Email,WI,6000b7aefb296c121a8198b1,1610659758188,1610660002666.0,
True,consumer,Google,WI,5e27526d0bdb6a138c32b556,1579635309795,,
True,consumer,Email,WI,600056a3f7e5b011fce897b0,1610634915207,1610635030767.0,
True,consumer,Email,WI,6000d46cfb296c121a81b20c,1610667116665,1610667232701.0,
True,consumer,Email,WI,6000d4abe2571211db395b5c,1610667179197,1610667179248.0,
True,consumer,Email,WI,600056d6bd4dff11dda90a3f,1610634966157,1610634966208.0,
True,consumer,Email,WI,60005704bd4dff11dda90a9d,1610635012368,1610635012418.0,
True,consumer,Email,WI,600056a3f7e5b011fce897b0,1610634915207,1610635030767.0,
True,consumer,Email,WI,600056a3f7e5b011fce897b0,1610634915207,1610635030767.0,
True,consumer,Email,WI,600056a3f7e5b011fce897b0,1610634915207,1610635030767.0,
True,consumer,Email,WI,60005709bd4dff11dda90ac1,1610635017988,1610635018051.0,
True,consumer,Email,WI,6002475cfb296c121a81b98d,1610762076571,,
True,consumer,Email,WI,60024f24e257124ec6b99a13,1610764069345,,
True,consumer,Email,WI,60037329e257124ec6b99eeb,1610838825574,,
True,consumer,Email,AL,6000b75bbe5fc96dfee1d4d3,1610659675938,,
True,consumer,Email,WI,6002541ae257124ec6b99a3a,1610765338736,,
True,consumer,Email,AL,6000b75bbe5fc96dfee1d4d3,1610659675938,,
True,consumer,Email,WI,600258dafb296c4ef805d9b7,1610766554959,,
True,consumer,Email,WI,60025c65fb296c4ef805d9e6,1610767461980,,
True,consumer,Email,WI,60037005e257124ec6b99ec2,1610838021504,,
True,consumer,Email,WI,60025c65fb296c4ef805d9e6,1610767461980,,
True,consumer,Email,AL,6000b75bbe5fc96dfee1d4d3,1610659675938,,
True,consumer,Email,AL,6000b75bbe5fc96dfee1d4d3,1610659675938,,
True,consumer,Email,WI,60025c65fb296c4ef805d9e6,1610767461980,,
True,consumer,Email,AL,6000b75bbe5fc96dfee1d4d3,1610659675938,,
True,consumer,Email,AL,6000b75bbe5fc96dfee1d4d3,1610659675938,,
True,consumer,Email,CO,60023de5fb296c121a81b955,1610759653653,,
True,consumer,Email,WI,6002541ae257124ec6b99a3a,1610765338736,,
True,consumer,Email,WI,60049cdce257124ec6b9a353,1610915036994,,
True,consumer,Email,WI,60025fe0e257124ec6b99a87,1610768353154,,
True,consumer,Email,WI,600498c4e257124ec6b9a331,1610913989321,,
True,consumer,Email,WI,6004a5d3fb296c4ef805e256,1610917331432,,
True,consumer,Email,WI,60037a94fb296c4ef805ddbe,1610840725319,,
True,consumer,Email,WI,600495c3fb296c4ef805e1fc,1610913219356,,
True,consumer,Email,WI,6004a965e257124ec6b9a39f,1610918245327,,
True,consumer,Email,WI,6007464b6e64691717e8c1f0,1611089483347,1611089708492.0,
True,consumer,Email,WI,6007464b6e64691717e8c1f0,1611089483347,1611089708492.0,
True,consumer,Email,WI,600741d06e6469120a787853,1611088337000,1611088743299.0,
True,consumer,Email,WI,600748196e64691717e8d4f0,1611089945175,1611090162824.0,
True,consumer,Email,WI,600746fd6e64691717e8cfb5,1611089661274,1611089661487.0,
True,consumer,Email,WI,60074b49325c8a1794623876,1611090761649,1611090969332.0,
True,consumer,Email,WI,60074b49325c8a1794623876,1611090761649,1611090969332.0,
True,consumer,Email,WI,60074b996e64691717e8f11a,1611090841809,1611090842010.0,
True,consumer,Email,WI,600748196e64691717e8d4f0,1611089945175,1611090162824.0,
True,consumer,Email,WI,600741d06e6469120a787853,1611088337000,1611088743299.0,
True,consumer,Email,WI,600741d06e6469120a787853,1611088337000,1611088743299.0,
True,consumer,Email,WI,600741d06e6469120a787853,1611088337000,1611088743299.0,
True,consumer,Email,WI,600741d06e6469120a787853,1611088337000,1611088743299.0,
True,consumer,Email,WI,600748196e64691717e8d4f0,1611089945175,1611090162824.0,
True,consumer,Email,WI,600741d06e6469120a787853,1611088337000,1611088743299.0,
True,consumer,Email,WI,6007464b6e64691717e8c1f0,1611089483347,1611089708492.0,
True,consumer,Email,WI,600748196e64691717e8d4f0,1611089945175,1611090162824.0,
True,consumer,Email,WI,60074246325c8a12289e22a0,1611088455284,1611088455511.0,
True,consumer,Email,WI,60074883325c8a1794622a12,1611090051464,1611090051660.0,
True,consumer,Email,AL,6006f786fb296c7f688530f8,1611069318644,,
True,consumer,Email,WI,60088d55633aab121bb8e41a,1611173205740,1611173274542.0,
True,consumer,Email,WI,6008893b633aab121bb8e0a9,1611172155040,1611172233205.0,
True,consumer,Email,WI,6008893b633aab121bb8e0a9,1611172155040,1611172233205.0,
True,consumer,Email,WI,60083a1e325c8a17946255de,1611151902022,1611152104611.0,
True,consumer,Email,WI,6008896c633aab121bb8e11d,1611172204439,,
True,consumer,Email,WI,60086a09b6310511daa4e1e9,1611164169747,1611164170045.0,
True,consumer,Email,WI,60088d55633aab121bb8e41a,1611173205740,1611173274542.0,
True,consumer,Email,WI,60088e5d633aab121bb8e5cf,1611173469989,1611173470035.0,
True,consumer,Email,WI,60085b3dbe5fc90ee6a67b11,1611160381152,1611160614993.0,
True,consumer,Email,WI,60088e44b6310511daa4ef80,1611173444695,1611173515932.0,
True,consumer,Email,WI,6008893b633aab121bb8e0a9,1611172155040,1611172233205.0,
True,consumer,Email,WI,6008893b633aab121bb8e0a9,1611172155040,1611172233205.0,
True,consumer,Email,WI,60088d84633aab121bb8e4a6,1611173252034,1611173252079.0,
True,consumer,Email,WI,6008873eb6310511daa4e8eb,1611171646148,1611171778793.0,
True,consumer,Email,WI,60086978633aab121bb8c895,1611164024062,1611164251189.0,
True,consumer,Email,WI,60088a25b6310511daa4ec42,1611172389274,1611172462851.0,
False,consumer,Email,WI,6008622ebe5fc9247bab4eb9,1611162158662,1611162158931.0,
True,consumer,Email,WI,6008893b633aab121bb8e0a9,1611172155040,1611172233205.0,
True,consumer,Email,WI,6008897ab6310511daa4ebdc,1611172218469,1611172218526.0,
True,consumer,Email,WI,60088a46b6310511daa4ec97,1611172422902,1611172422948.0,
True,consumer,Email,WI,600987d77d983a11f63cfa92,1611237335327,1611237561063.0,
True,consumer,Email,WI,600987d77d983a11f63cfa92,1611237335327,1611237561063.0,
True,consumer,Email,WI,600987d77d983a11f63cfa92,1611237335327,1611237561063.0,
True,consumer,Email,IL,6008f02fb6310511daa4f314,1611198511692,,
True,consumer,Email,WI,600988557d983a11f63d08ef,1611237461269,1611237461485.0,
True,consumer,Email,WI,6009885c50b33111fd61eee9,1611237468490,1611237468698.0,
True,consumer,Email,WI,600987d77d983a11f63cfa92,1611237335327,1611237561063.0,
True,consumer,Email,WI,6009e60450b3311194385009,1611261445244,,
True,consumer,Email,WI,6009e60450b3311194385009,1611261445244,,
True,consumer,Email,WI,6008d447b6310511daa4f281,1611191367425,,
True,consumer,Email,WI,6009e60450b3311194385009,1611261445244,,
True,consumer,Email,WI,600987d77d983a11f63cfa92,1611237335327,1611237561063.0,
True,consumer,Email,WI,60099c1450b33111fd61f702,1611242516507,,
True,consumer,Email,WI,600987d77d983a11f63cfa92,1611237335327,1611237561063.0,
True,consumer,Email,IL,6008e9cdb6310511daa4f2e4,1611196877264,,
True,consumer,Email,WI,600987d77d983a11f63cfa92,1611237335327,1611237561063.0,
True,consumer,Email,WI,600a03e17d983a124e9adb0f,1611269089842,,
True,consumer,Email,WI,600987d77d983a11f63cfa92,1611237335327,1611237561063.0,
True,consumer,Email,WI,600987d77d983a11f63cfa92,1611237335327,1611237561063.0,
True,consumer,Email,WI,600992d17d983a11f63d11ad,1611240145107,,
True,consumer,Email,WI,600b477e7d983a124e9ae061,1611351934904,,
True,consumer,Email,WI,600f008f4329897eac237bd8,1611595919409,1611596151918.0,
True,consumer,Email,WI,600f008f4329897eac237bd8,1611595919409,1611596151918.0,
True,consumer,Email,WI,600f008f4329897eac237bd8,1611595919409,1611596151918.0,
True,consumer,Email,WI,600ed4815edb7811cde6b50b,1611584641806,1611584642036.0,
True,consumer,Email,WI,600f008f4329897eac237bd8,1611595919409,1611596151918.0,
True,consumer,Email,WI,600f41b2bd196811e68ea219,1611612595031,1611612989531.0,
True,consumer,Email,WI,600f20c15edb787dce060911,1611604161843,,
True,consumer,Email,WI,600f47f06fd0dc1768a34a12,1611614192551,1611614413981.0,
True,consumer,Email,WI,600ed42e43298911ce45d1fa,1611584559286,1611584964970.0,
True,consumer,Email,WI,600ed42e43298911ce45d1fa,1611584559286,1611584964970.0,
True,consumer,Email,WI,600f41b2bd196811e68ea219,1611612595031,1611612989531.0,
True,consumer,Email,WI,600ed42e43298911ce45d1fa,1611584559286,1611584964970.0,
True,consumer,Email,WI,600f008f4329897eac237bd8,1611595919409,1611596151918.0,
True,consumer,Email,WI,600f008f4329897eac237bd8,1611595919409,1611596151918.0,
True,consumer,Email,WI,600eea525edb7811cde6c81c,1611590227029,,
True,consumer,Email,WI,600f008f4329897eac237bd8,1611595919409,1611596151918.0,
True,consumer,Email,WI,600ed48a5edb7811cde6b549,1611584650969,1611584651193.0,
True,consumer,Email,WI,600f47f06fd0dc1768a34a12,1611614192551,1611614413981.0,
True,consumer,Email,WI,600f47f06fd0dc1768a34a12,1611614192551,1611614413981.0,
True,consumer,Email,WI,600ed42e43298911ce45d1fa,1611584559286,1611584964970.0,
True,consumer,Email,WI,600fb1ac73c60b12049027bb,1611641260879,1611641483950.0,
True,consumer,Email,WI,600fb1ac73c60b12049027bb,1611641260879,1611641483950.0,
True,consumer,Email,WI,600fb1ac73c60b12049027bb,1611641260879,1611641483950.0,
True,consumer,Email,WI,600fb1ac73c60b12049027bb,1611641260879,1611641483950.0,
True,consumer,Email,WI,600fb1ac73c60b12049027bb,1611641260879,1611641483950.0,
True,consumer,Email,WI,600fb1ec73c60b1204902af4,1611641324058,1611641324267.0,
True,consumer,Email,WI,600fb1ac73c60b12049027bb,1611641260879,1611641483950.0,
True,consumer,Email,WI,600fb1ac73c60b12049027bb,1611641260879,1611641483950.0,
True,consumer,Email,WI,600fb1ac73c60b12049027bb,1611641260879,1611641483950.0,
True,consumer,Email,WI,600fb1ac73c60b12049027bb,1611641260879,1611641483950.0,
True,consumer,Email,WI,600fb1ac73c60b12049027bb,1611641260879,1611641483950.0,
True,consumer,Email,WI,600fb1ac73c60b12049027bb,1611641260879,1611641483950.0,
True,consumer,Email,WI,600fb1e4a4b74c120bd18777,1611641316799,1611641317094.0,
True,consumer,Email,WI,600fb1ac73c60b12049027bb,1611641260879,1611641483950.0,
True,consumer,Email,WI,600fb1ac73c60b12049027bb,1611641260879,1611641483950.0,
True,consumer,Email,WI,600fb1ac73c60b12049027bb,1611641260879,1611641483950.0,
True,consumer,Email,WI,600fb1ac73c60b12049027bb,1611641260879,1611641483950.0,
True,consumer,Email,WI,600fb1ac73c60b12049027bb,1611641260879,1611641483950.0,
True,consumer,Email,WI,6011f33173c60b1804ce1102,1611789105991,1611789106040.0,
True,consumer,Email,WI,6011f43ba4b74c18d3a8ca01,1611789371933,1611789372023.0,
True,consumer,Email,WI,6011f31ea4b74c18d3a8c476,1611789086702,1611789371198.0,
True,consumer,Email,WI,6011f31ea4b74c18d3a8c476,1611789086702,1611789371198.0,
True,consumer,Email,WI,6011f31ea4b74c18d3a8c476,1611789086702,1611789371198.0,
True,consumer,Email,WI,6011f42773c60b1804ce1607,1611789351961,1611789352006.0,
True,consumer,Email,WI,60118bcfa4b74c18d3a8c0d7,1611762639664,1611762761503.0,
True,consumer,Email,WI,6010be65a4b74c120bd19edc,1611710053600,1611710053644.0,
True,consumer,Email,WI,6010bddaa4b74c120bd19dfb,1611709914997,1611710065032.0,
True,consumer,Email,WI,60118c0fa4b74c18d3a8c151,1611762703511,1611762703566.0,
True,consumer,Email,WI,6011f33173c60b1804ce1102,1611789105991,1611789106040.0,
True,consumer,Email,WI,6010bddaa4b74c120bd19dfb,1611709914997,1611710065032.0,
True,consumer,Email,WI,6011f33173c60b1804ce1102,1611789105991,1611789106040.0,
True,consumer,Email,WI,60118bcfa4b74c18d3a8c0d7,1611762639664,1611762761503.0,
True,consumer,Email,WI,6010bddaa4b74c120bd19dfb,1611709914997,1611710065032.0,
True,consumer,Email,WI,60118bcfa4b74c18d3a8c0d7,1611762639664,1611762761503.0,
True,consumer,Email,WI,6011f31ea4b74c18d3a8c476,1611789086702,1611789371198.0,
True,consumer,Email,WI,6010be6673c60b12049040ef,1611710054981,1611710055028.0,
True,consumer,Email,WI,6011f33173c60b1804ce1102,1611789105991,1611789106040.0,
True,consumer,Email,WI,6010be6173c60b12049040d7,1611710049100,1611710049163.0,
True,consumer,Email,WI,60132acb73c60b3ca7f3ba32,1611868875898,1611869101904.0,
True,consumer,Email,WI,60132acb73c60b3ca7f3ba32,1611868875898,1611869101904.0,
True,consumer,Email,WI,600f00d05edb787dce05fb84,1611595984549,,
True,consumer,Email,WI,60132acb73c60b3ca7f3ba32,1611868875898,1611869101904.0,
True,consumer,Email,WI,600f00d05edb787dce05fb84,1611595984549,,
True,consumer,Email,WI,60132b85a4b74c3cbc516295,1611869061761,1611869061913.0,
True,consumer,Email,WI,60132b8b73c60b3ca7f3baee,1611869067222,1611869067387.0,
True,consumer,Email,WI,600f19914329897eac238fef,1611602321390,,
True,consumer,Email,WI,6014558767804a1228b20d00,1611945351391,1611945351434.0,
True,consumer,Email,WI,601465c567804a1228b20f89,1611949509523,1611949509567.0,
True,consumer,Email,WI,60145a3c84231211ce796c5d,1611946556507,1611946716699.0,
True,consumer,Email,WI,6014499c67804a1228b1f5b0,1611942300842,1611943201464.0,
True,consumer,Email,WI,600f35015edb782098e2ac1b,1611609346246,,
True,consumer,Email,WI,60147001c8b50e11d8453c36,1611952129403,1611952129622.0,
True,consumer,Email,WI,60145a5584231211ce796cac,1611946581484,1611946581542.0,
True,consumer,Email,WI,6014558767804a1228b20d00,1611945351391,1611945351434.0,
True,consumer,Email,WI,6014319173c60b3ca7f3bf01,1611936145330,1611936328918.0,
True,consumer,Email,WI,6014558467804a1228b20cf0,1611945348060,1611945348133.0,
True,consumer,Email,WI,6014485b84231211ce793d79,1611941979324,1611942191937.0,
True,consumer,Email,WI,601431c173c60b3ca7f3bf63,1611936193318,1611936193362.0,
True,consumer,Email,WI,601465a884231211ce796db3,1611949480680,1611949480758.0,
True,consumer,Email,,60145ff384231211ce796d51,1611948019722,,
True,consumer,Email,WI,60146f2ac8b50e11d8452661,1611951914221,1611952148512.0,
True,consumer,Email,WI,60145a3c84231211ce796c5d,1611946556507,1611946716699.0,
True,consumer,Email,WI,6014658e67804a1228b20ef4,1611949454197,1611949567347.0,
True,consumer,Email,WI,601442ce67804a1228b1dc41,1611940558195,1611940734023.0,
True,consumer,Email,WI,601465a584231211ce796da5,1611949477376,1611949477437.0,
True,consumer,Email,,60145ff384231211ce796d51,1611948019722,,
True,consumer,Email,OH,60147d2ac8b50e11d8453f53,1611955498184,,
True,consumer,Email,OH,60147d2ac8b50e11d8453f53,1611955498184,,
True,consumer,Email,WI,601890a99a1b091205b61ced,1612222633079,1612222633126.0,
True,consumer,Email,WI,60183090c8b50e11d84549c0,1612198032843,1612198112031.0,
True,consumer,Email,WI,60183090c8b50e11d84549c0,1612198032843,1612198112031.0,
True,consumer,Email,OH,60147d2ac8b50e11d8453f53,1611955498184,,
True,consumer,Email,WI,60182f4ac8b50e11d8454946,1612197706573,1612197706615.0,
True,consumer,Email,WI,60182d6dc8b50e11d84547b2,1612197229873,1612197361759.0,
True,consumer,Email,OH,60147d2ac8b50e11d8453f53,1611955498184,,
True,consumer,Email,WI,60183c579a1b091205b61a5f,1612201047795,1612201167811.0,
True,consumer,Email,OH,60147d2ac8b50e11d8453f53,1611955498184,,
True,consumer,Email,WI,60189c94c8b50e11d8454f6b,1612225684020,1612225684073.0,
True,consumer,Email,WI,60189c74c8b50e11d8454eff,1612225652642,1612225749977.0,
True,consumer,Email,WI,60189c74c8b50e11d8454eff,1612225652642,1612225749977.0,
True,consumer,Email,WI,60189c94c8b50e11d8454f6b,1612225684020,1612225684073.0,
True,consumer,Email,WI,60189c74c8b50e11d8454eff,1612225652642,1612225749977.0,
True,consumer,Email,WI,60189c74c8b50e11d8454eff,1612225652642,1612225749977.0,
True,consumer,Email,WI,60189c88c8b50e11d8454f2f,1612225672817,1612225672868.0,
True,consumer,Email,WI,60189c74c8b50e11d8454eff,1612225652642,1612225749977.0,
True,consumer,Email,WI,60189c859a1b091205b61de1,1612225669145,1612225669193.0,
True,consumer,Email,WI,60189c74c8b50e11d8454eff,1612225652642,1612225749977.0,
True,consumer,Email,WI,60189c74c8b50e11d8454eff,1612225652642,1612225749977.0,
True,consumer,Email,WI,60189c94c8b50e11d8454f6b,1612225684020,1612225684073.0,
True,consumer,Email,WI,60189c94c8b50e11d8454f6b,1612225684020,1612225684073.0,
True,consumer,Email,,60186237c8b50e11d8454d5f,1612210743551,,
True,consumer,Email,,60186237c8b50e11d8454d5f,1612210743551,,
True,consumer,Email,WI,601ac1da591789121574dc07,1612366298705,1612366298909.0,
True,consumer,Email,,60186237c8b50e11d8454d5f,1612210743551,,
True,consumer,Email,SC,60183e6c9a1b091205b61b49,1612201580468,,
True,consumer,Email,WI,601ac195af4b1a1205f7560f,1612366229397,1612366451043.0,
True,consumer,Email,,60186237c8b50e11d8454d5f,1612210743551,,
True,consumer,Email,,60186237c8b50e11d8454d5f,1612210743551,,
True,consumer,Email,WI,601c6887969c0b11f7d0c81f,1612474503045,1612474590188.0,
True,consumer,Email,WI,601c68d229c30a1227ada484,1612474578530,1612474578572.0,
True,consumer,Email,WI,601c2c05969c0b11f7d0b097,1612459013700,1612459230228.0,
True,consumer,Email,WI,601c2c6a29c30a1227ad93bd,1612459114447,1612459114650.0,
True,consumer,Email,WI,601c2c05969c0b11f7d0b097,1612459013700,1612459230228.0,
True,consumer,,WI,55308179e4b0eabd8f99caa2,1429242233186,1525713820003.0,
True,consumer,Email,WI,60217fa799409b11fcf899fe,1612808103714,,
True,consumer,Email,WI,602176c9b57b8a12187fe77e,1612805833950,1612805833989.0,
True,consumer,Email,WI,602176a3b57b8a12187fe717,1612805795109,1612805795150.0,
True,consumer,Email,WI,6022998599409b11fcf89c53,1612880261257,1612880338835.0,
True,consumer,Email,WI,60229990b57b8a12187fe9e0,1612880272581,1612880272626.0,
True,consumer,Email,WI,60229990b57b8a12187fe9e0,1612880272581,1612880272626.0,
True,fetch-staff,,WI,59c124bae4b0299e55b0f330,1505830074302,1612802578117.0,
True,fetch-staff,,WI,59c124bae4b0299e55b0f330,1505830074302,1612802578117.0,
True,fetch-staff,,WI,59c124bae4b0299e55b0f330,1505830074302,1612802578117.0,
True,fetch-staff,,WI,59c124bae4b0299e55b0f330,1505830074302,1612802578117.0,
True,fetch-staff,,WI,59c124bae4b0299e55b0f330,1505830074302,1612802578117.0,
True,fetch-staff,,WI,59c124bae4b0299e55b0f330,1505830074302,1612802578117.0,
True,fetch-staff,,WI,59c124bae4b0299e55b0f330,1505830074302,1612802578117.0,
True,fetch-staff,,WI,59c124bae4b0299e55b0f330,1505830074302,1612802578117.0,
True,fetch-staff,,WI,59c124bae4b0299e55b0f330,1505830074302,1612802578117.0,
True,consumer,Email,WI,6024399defa60112282c0ac9,1612986781857,1612986782079.0,
True,fetch-staff,,WI,59c124bae4b0299e55b0f330,1505830074302,1612802578117.0,
True,fetch-staff,,WI,59c124bae4b0299e55b0f330,1505830074302,1612802578117.0,
True,fetch-staff,,WI,59c124bae4b0299e55b0f330,1505830074302,1612802578117.0,
True,fetch-staff,Email,WI,5f2068904928021530f8fc34,1595959440905,1612452605375.0,
True,fetch-staff,,WI,59c124bae4b0299e55b0f330,1505830074302,1612802578117.0,
True,fetch-staff,,WI,59c124bae4b0299e55b0f330,1505830074302,1612802578117.0,
True,fetch-staff,,WI,59c124bae4b0299e55b0f330,1505830074302,1612802578117.0,
True,fetch-staff,,WI,59c124bae4b0299e55b0f330,1505830074302,1612802578117.0,
True,fetch-staff,,WI,59c124bae4b0299e55b0f330,1505830074302,1612802578117.0,
True,fetch-staff,,WI,59c124bae4b0299e55b0f330,1505830074302,1612802578117.0,
True,consumer,Email,WI,602558b1efa60114d20e5dc7,1613060273738,1613060273798.0,
True,consumer,Email,WI,602538adb54593795bf692ac,1613052077332,1613052077388.0,
True,consumer,Email,WI,60255883efa60114d20e5d4e,1613060227502,1613060309219.0,
True,consumer,Email,WI,602558adb5459313e1e9b7ce,1613060269831,1613060269893.0,
True,consumer,Email,WI,6025388fb54593795bf69234,1613052047269,1613052047332.0,
True,consumer,Google,AL,5fb0a078be5fc9775c1f3945,1605410936818,,
True,consumer,Email,WI,60268c7aefa6011bb1510786,1613139066240,1613139066294.0,
True,consumer,,,5a43c08fe4b014fd6b6a0612,1514389647059,1613146957155.0,
True,consumer,,,5a43c08fe4b014fd6b6a0612,1514389647059,1613146957155.0,
True,consumer,,,5a43c08fe4b014fd6b6a0612,1514389647059,1613146957155.0,
True,consumer,,,5a43c08fe4b014fd6b6a0612,1514389647059,1613146957155.0,
True,consumer,,,5a43c08fe4b014fd6b6a0612,1514389647059,1613146957155.0,
True,consumer,Email,WI,60268c69efa6011bb151075f,1613139049408,1613139127107.0,
True,consumer,,,5a43c08fe4b014fd6b6a0612,1514389647059,1613146957155.0,
True,consumer,Google,AL,5fb0a078be5fc9775c1f3945,1605410936818,,
True,consumer,,,5a43c08fe4b014fd6b6a0612,1514389647059,1613146957155.0,
True,consumer,,,5a43c08fe4b014fd6b6a0612,1514389647059,1613146957155.0,
True,fetch-staff,Email,,5fbc35711d967d1222cbfefc,1606169969509,1614313551057.0,
True,fetch-staff,Email,,5fbc35711d967d1222cbfefc,1606169969509,1614313551057.0,
True,fetch-staff,Email,,5fbc35711d967d1222cbfefc,1606169969509,1614313551057.0,
True,fetch-staff,Email,NH,5fc961c3b8cfca11a077dd33,1607033283936,1614379156799.0,
True,fetch-staff,Email,NH,5fc961c3b8cfca11a077dd33,1607033283936,1614379156799.0,
True,fetch-staff,Email,NH,5fc961c3b8cfca11a077dd33,1607033283936,1614379156799.0,
True,fetch-staff,Email,NH,5fc961c3b8cfca11a077dd33,1607033283936,1614379156799.0,
True,fetch-staff,Email,NH,5fc961c3b8cfca11a077dd33,1607033283936,1614379156799.0,
True,fetch-staff,Email,NH,5fc961c3b8cfca11a077dd33,1607033283936,1614379156799.0,
True,fetch-staff,Email,NH,5fc961c3b8cfca11a077dd33,1607033283936,1614379156799.0,
True,fetch-staff,Email,NH,5fc961c3b8cfca11a077dd33,1607033283936,1614379156799.0,
True,fetch-staff,Email,NH,5fc961c3b8cfca11a077dd33,1607033283936,1614379156799.0,
True,fetch-staff,Email,NH,5fc961c3b8cfca11a077dd33,1607033283936,1614379156799.0,
True,fetch-staff,Email,NH,5fc961c3b8cfca11a077dd33,1607033283936,1614379156799.0,
True,fetch-staff,Email,NH,5fc961c3b8cfca11a077dd33,1607033283936,1614379156799.0,
True,fetch-staff,Email,NH,5fc961c3b8cfca11a077dd33,1607033283936,1614379156799.0,
True,fetch-staff,Email,NH,5fc961c3b8cfca11a077dd33,1607033283936,1614379156799.0,
True,fetch-staff,Email,NH,5fc961c3b8cfca11a077dd33,1607033283936,1614379156799.0,
True,fetch-staff,Email,NH,5fc961c3b8cfca11a077dd33,1607033283936,1614379156799.0,
True,fetch-staff,Email,NH,5fc961c3b8cfca11a077dd33,1607033283936,1614379156799.0,
True,fetch-staff,Email,NH,5fc961c3b8cfca11a077dd33,1607033283936,1614379156799.0,
True,fetch-staff,Email,NH,5fc961c3b8cfca11a077dd33,1607033283936,1614379156799.0,
True,fetch-staff,Email,NH,5fc961c3b8cfca11a077dd33,1607033283936,1614379156799.0,
True,fetch-staff,Email,,5fa41775898c7a11a6bcef3e,1604589429396,1614873722026.0,
True,fetch-staff,Google,AL,5fa32b4d898c7a11a6bcebce,1604528973309,1614842518047.0,
True,fetch-staff,Email,,5fa41775898c7a11a6bcef3e,1604589429396,1614873722026.0,
True,fetch-staff,Email,,5fa41775898c7a11a6bcef3e,1604589429396,1614873722026.0,
True,fetch-staff,Email,,5fa41775898c7a11a6bcef3e,1604589429396,1614873722026.0,
True,fetch-staff,Email,,5fa41775898c7a11a6bcef3e,1604589429396,1614873722026.0,
True,fetch-staff,Email,,5fa41775898c7a11a6bcef3e,1604589429396,1614873722026.0,
True,fetch-staff,,IL,5964eb07e4b03efd0c0f267b,1499785991771,1614884869770.0,
True,fetch-staff,Email,,5fa41775898c7a11a6bcef3e,1604589429396,1614873722026.0,
True,fetch-staff,Email,,5fa41775898c7a11a6bcef3e,1604589429396,1614873722026.0,
True,fetch-staff,Email,,5fa41775898c7a11a6bcef3e,1604589429396,1614873722026.0,
True,fetch-staff,Email,,5fa41775898c7a11a6bcef3e,1604589429396,1614873722026.0,
True,fetch-staff,Email,,5fa41775898c7a11a6bcef3e,1604589429396,1614873722026.0,
True,fetch-staff,Email,,5fa41775898c7a11a6bcef3e,1604589429396,1614873722026.0,
True,fetch-staff,Email,,5fa41775898c7a11a6bcef3e,1604589429396,1614873722026.0,
True,fetch-staff,Email,,5fa41775898c7a11a6bcef3e,1604589429396,1614873722026.0,
True,fetch-staff,Email,,5fa41775898c7a11a6bcef3e,1604589429396,1614873722026.0,
True,fetch-staff,Email,,5fa41775898c7a11a6bcef3e,1604589429396,1614873722026.0,
True,fetch-staff,Email,,5fa41775898c7a11a6bcef3e,1604589429396,1614873722026.0,
True,fetch-staff,Email,,5fa41775898c7a11a6bcef3e,1604589429396,1614873722026.0,
True,fetch-staff,,,54943462e4b07e684157a532,1418998882381,1614963143204.0,
True,fetch-staff,,,54943462e4b07e684157a532,1418998882381,1614963143204.0,
True,fetch-staff,,,54943462e4b07e684157a532,1418998882381,1614963143204.0,
True,fetch-staff,,,54943462e4b07e684157a532,1418998882381,1614963143204.0,
True,fetch-staff,,,54943462e4b07e684157a532,1418998882381,1614963143204.0,
True,fetch-staff,,,54943462e4b07e684157a532,1418998882381,1614963143204.0,
True,fetch-staff,,,54943462e4b07e684157a532,1418998882381,1614963143204.0,
True,fetch-staff,,,54943462e4b07e684157a532,1418998882381,1614963143204.0,
True,fetch-staff,,,54943462e4b07e684157a532,1418998882381,1614963143204.0,
True,fetch-staff,,,54943462e4b07e684157a532,1418998882381,1614963143204.0,
True,fetch-staff,,,54943462e4b07e684157a532,1418998882381,1614963143204.0,
True,fetch-staff,,,54943462e4b07e684157a532,1418998882381,1614963143204.0,
True,fetch-staff,,,54943462e4b07e684157a532,1418998882381,1614963143204.0,
True,fetch-staff,,,54943462e4b07e684157a532,1418998882381,1614963143204.0,
True,fetch-staff,,,54943462e4b07e684157a532,1418998882381,1614963143204.0,
True,fetch-staff,,,54943462e4b07e684157a532,1418998882381,1614963143204.0,
True,fetch-staff,,,54943462e4b07e684157a532,1418998882381,1614963143204.0,
True,fetch-staff,,,54943462e4b07e684157a532,1418998882381,1614963143204.0,
True,fetch-staff,,,54943462e4b07e684157a532,1418998882381,1614963143204.0,
True,fetch-staff,,,54943462e4b07e684157a532,1418998882381,1614963143204.0,
